Artikelnummer| Produkt| Menge| Herkunft| Farbe| Preis
101001| Tomaten| 1 kg| Deutschland| rot| 3.19
101002| Paprika| 1 kg| Deutschland| gelb| 3.00
101003| Salat| Stück| Deutschland| grün| 1.99
101004| Zwiebel| 1 kg| Deutschland| weiß| 1.89
101005| Gurke| Stück| Deutschland| grün| 0.89
101006| Karotte| 1 kg| Deutschland| orange| 3.00
101007| Oliven| 500 g| Griechenland| grün| 2.89
101008| Orange| 1 kg| Spanien| orange| 1.99
101009| Zitrone| 1 kg| Spanien| gelb| 1.19
101010| Erdbeeren| 500 g| Deutschland| rot| 5.49
101011| Himmberen| 200 g| Deutschland| rot| 2.99
101012| Apfel| 1 kg| Deutschland| grün| 1.69
101013| Birne| 1 kg| Deutschland| gelb| 2.29
101014| Banane| 1 kg| Marokko| gelb| 1.30
101015| Traube| 1 kg| Italien| weiß| 2.59